title,price,link
2014-2018 Mazda 6 OEM Exhaust Muffler & Pipe Silencer Main PY01-40-100A , 662.16,https://www.ebay.ca/itm/363358682955?epid=8022997930&_trkparms=ispr%3D1&hash=item5499dd7f4b:g:efEAAOSwdndgdizN&amdata=enc%3AAQAGAAACkPYe5NmHp%252B2JMhMi7yxGiTJkPrKr5t53CooMSQt2orsS5%252FLJbfonbQUYd49AU1AJY%252Bf%252BnR8%252FyfjKEe%252FKXQK%252Bg1UzBqLBkHhoGwIdx8m8UOnZGcNg3%252F2Ys6eB4ILinZAn3PspFm5134p1xOnuf6ThaXjuHKHUjbhexQDMtzfv%252BnjB9LZfgaAy8anPqRiVFf0oraZn9SOltH6DeuIkMXx7dKdl4ukDG%252FF6zPhS7aA89cysJYKbIg4BAdzSVjKnOy46F23YoGRmsE3FFAYsKiOYe9KlYO5qLPLm%252FjJ86LjmDdgV8jKiUE37d5pHdZ24eSmaLs09DXjGeQ8oyRE7yE0Q5qkDSap4YWsQv8iY9ZS%252B2zmd48eXE9EATdadqMog%252BBFYEUACii9KPTX68fZYKDHbKFir5p3BCDjuGVc5%252FPI9u%252BUsSb2nkdGWdIOseTubaqhoe4Ra3Sos10%252FXfNaAK0q0MjfYQxIHr%252BD1EpRyIhvWSDEve1mc%252FuUwjkLYPicq36WBbyZZx4lZ85NYuNE7Yrrwvn4FJEAZTYePrDKvU2IBmtsOHBdzyrW3K%252FfCZNnBCJjg%252FjcISL5%252FoMBMaKPrmgOxYetnXtoXlgw3eohvMG93zWmRDhI9mISUvKO5TB%252BkOORLO%252FgQ1mwyG3T9284CuGg9zKSf6uqrQhLzgJO44v50ftxbdA2Dd23URlrVfbj2O9pDGDTfZwc%252FAPkz0VZdMtVttQNoT%252ByjCwgkTkNQIAbmqmYzihgACFl6sYr8G03F0lfw3IVVhRCH4F7GN2vVKFi7H39NyjKgdVYHtN8ehhCUjZGYn6PLFVSEk7%252F1UAZWKlp4jwqtpFQC35JGKkEVo017RkhnI8jwZA0jzg3SemnbOovi%7Cclp%3A2334524%7Ctkp%3ABFBM-K3amd5f
Genuine Mazda Silencer Main PY4X-40-100A, 436.02,https://www.ebay.ca/itm/334317817964?hash=item4dd6e5106c:g:mIkAAOSwSSFh~fv7
"PY01-40-100 Mazda OEM Genuine SILENCER, MAIN", 895.38,https://www.ebay.ca/itm/324208306636?epid=1934303546&hash=item4b7c5229cc:g:79sAAOSwUQle8w6t
"PY35-40-100A Mazda OEM Genuine SILENCER, MAIN", 917.54,https://www.ebay.ca/itm/324208306648?epid=1934166541&hash=item4b7c5229d8:g:MpQAAOSwubZe8w6t
"Sony Main Bored JB090164 ,Backlight Inverter FR-4-86-PY,Power Board JB001034", 31.71,https://www.ebay.ca/itm/233804403139?_trkparms=ispr%3D1&hash=item366fd411c3:g:dQ0AAOSwjV9ftZvS&amdata=enc%3AAQAGAAACkPYe5NmHp%252B2JMhMi7yxGiTJkPrKr5t53CooMSQt2orsSRAQR8FABHjfpFoyRlXhWmZWRoT%252FtYYggKULvK7DrTFlfqoGOlQvDXMb4CEiHg01%252BoU5lTqL5DKy7SbgBw%252BAL2TDHWuyG%252FSnKcoP48h0YP1M4L%252BpY6%252FoKRjAQOlxbvtTpdB23KVlhiwNubHl0LtcZ%252Bo7PvNAIVR2KVnMXgX2eSkvZhO21CJdV7daZaEvnz2hZ8HZVsu27VW6StAChOtksFMyjbJO8MQaH1Zbi1cbUdxMb90Xx2zyFXb%252BJ4gLYq%252BQfgfq1V1XqYDghx6rQwmEVS14KGHe1gJniDFeCjSBNFe41IW2IA2Woaz2WdVpWYoXgnkp9GnqH70KR30FvOMO%252BtCBujLjHtGmCKqSR9wSdkvrBHp5m20AbsQs9%252FYBTC3%252FrPx2IzhDJJeoNVR33FASBxHX8E0scZuzWLCY3aGODb8h2%252BnNePYQfL3a41gU2Psqgz8xbP27LSV0D%252Fc5xrUabXQUt0AXOaWN%252F9W3uhB5AydOhlwgQL3iUbo6N3j5Xq4gTHs78qOzvmwVzSHEOPUAOxj7BAcCa0VOErxV05c4PvPfml26rwab8kAE7D%252BIa%252BXBSULjQizJ%252BGHh9cOxPofCKoXzh53nrifL4GR8fMJjO5BG1M%252BJnGk7rbqexgkQ867GUAIvsHqrQHrjPh8KwsOtAelcvY5EaCWVCnYVHY8%252FbmU9NauJsbvanrwyooH%252BzXfjIl%252FZ2iDalQ98roTzUApk73EEw4DnxP7kG3%252FnZBaCm7DYbkBXQ39ItCHBAvDW%252Fdf%252FFr%252BaBWQjjlXrll8klMtm5wcPW%252FjIonx4g4%252BM9L%252BJs4ktaPhwjNu%252BkIoPK1Wvg9GGv%7Cclp%3A2334524%7Ctkp%3ABFBM-K3amd5f
Motorcycle Kickstand Center Kick Main Stand Frame for Yamaha Peewee PY PW50, 79.91,https://www.ebay.ca/itm/173322048125?_trkparms=ispr%3D1&hash=item285acc927d:g:80oAAOSw1IhcAeyr&amdata=enc%3AAQAGAAACkPYe5NmHp%252B2JMhMi7yxGiTJkPrKr5t53CooMSQt2orsSDAeS9EQtjPGVfKXTxF0%252BjtLxLtsNQ2S1Hhinx00%252FGf24ph%252B9REb4Ktru4D4W3ZWdvxcmLsewqXzEXVGlEF4gdfoyVXbvqLK6W8G6kPU4HGfaDYMaGT5%252FNqyqPwQkkdtRm4cUfLaHEsVsk4gfP6XnXjbqg1Y6lGnDqF%252FUBWIWae1iGeWBhh%252BEmrJBZOogQ7jwAZKNzMDx1%252B91EhEUjYzDFnKTG1g80v1hqr2EUSMw723PouRilZ3eHxNZ4lDlRNWAiMEBt8uBGAkFrJu7k90lFDsjZxXaNNipUX%252BAV%252FiJStlKjAKFicNUhcSm4OJOqD0lP867JEWFZL42mjzkWmAT%252Fn9Th%252FBb3FpGrE7xXg0QNHBBv0j3meBOcBIpZnHx%252BmWthtGIJRKvJvfc0oOIsQ6o9NSFN%252F3DZmE8HFrhYqWM7cVIiFyixZ3fqnP9zprMLDWB0HJc8gGM%252BwFFS2L91uK1wYMgiX8ETAMHEJRa%252BSK%252B8BClDv8W8Y8DgJk9FY9zIIwe4XxjfEi0YERlq53TraqY8equsj84nAny5Ze1nCKYE%252FbAkn3MrmHbRsC5n699qNInwxRCZCv%252BZjUNqBHJdGYRUr7N4z76NZrZzhRBP%252FtSe0iwR%252BOAH9XM6CQr8me%252F1SrmOtuuTVQCBsGwHfQ7%252FSqOt42k2wmGzwC9TB0hTSsrzO2pZa3xJwFRzxU%252BlHFHotCKmPvsKf%252FB54BgrRbuwUeezu8ULDf7zbM7m9jCo%252FpNKcUovw4OGRy%252F1ma%252FYqgELqw1vnmVKKBlL6EFDdvjTN4FDLQncgkiZVHghs%252BN9pBgagtkOyS2JGjL1HI45mNloUAy%7Cclp%3A2334524%7Ctkp%3ABFBM-K3amd5f
6871VMMT94A LG MAIN BOARD FOR DU-50PY10, 29.66,https://www.ebay.ca/itm/323934996375?_trkparms=ispr%3D1&hash=item4b6c07c797:g:jssAAOSwLPpdlAjP&amdata=enc%3AAQAGAAACkPYe5NmHp%252B2JMhMi7yxGiTJkPrKr5t53CooMSQt2orsSvhAqMt0wg86xg8aAkgjQJMhbVui7qeU0EifOh3AzPezDI9fb3wcRbFVdETxwSI%252BzygFDgKdiS6LOT9ueWcNCLGctXjOJvadD8in73q4K80oT7eLFwPMg5sL69YbmGugrXRIXKzc4wcmslfx6DlXtPqhNs4KuAPxgTfcicwPD5algmLgSwi7bqVe95Bs04Oz2LcMjuiaVMpBjdkQLDfdo69sZJ5zoBNXBWr1EPH3jYMo%252BVGQAx77TxJ7GswY%252Be6YjhS%252B2QAAfO6o5TOwoHwzFcNjFE2nwqtz5uQEX6wIOo4HKFAfX%252FlKK4it9yPw5FuX0b0TipZGZRMI04VUKMDVEWKiYSHupbIMZLNVkI%252B%252BvcOIlhqHQ6Q%252BDYEXEHUUMj0V3PIOWj5oHgXwclFdnxM7Kz%252FfVB%252F5yaUjT7UrQjABn1YXzoqislCdtGpR8MtIAkGUvtK2r52BnOawP%252BE5HQVzOfbKPUFLyzQ2qTd9AkyUi05d3lzXFUU70ZOjmnNDMoF1RsMrBhO7QVfb5fpF2rVj1G%252FNABMAUx%252Bk3s3PoD4SBPwN9KgW6l%252BDXRURCCBaFuH%252BUg3I48ZZbVigG%252FjD%252FNRRbSvQ0%252BP3xGeomMTusRIFy8BjuAUo8TV8WnHWYdNqX8ffSTTKJXZsUwoBu165bMtDP63ePkFZkhthRmJOBi4B89CnP%252FmOhyYu4zyAhNUdcLyt7XBVjUsAVbIS6JxeqHmm0ZkrrzA4%252FprDbswWmWx%252FzCkQdaNidH26ijLEu8s5a5wUcIHX97ClNznpnXay9gbdfQ%252FK2V3%252FJtPQMT0K98k%252BvkVEHT6SNMU5oNC%252BetKzvIEe2%7Cclp%3A2334524%7Ctkp%3ABFBM-K3amd5f
YAMAHA PW50 PEEWEE 50 MAIN STAND KICK STAND BIKE STAND PY50 LX50PY JS50PY KDF, 54.62,https://www.ebay.ca/itm/142397988728?hash=item212794df78:g:L8UAAOSwb4tfCLV~
Main Wire Harness (new) fits for Yamaha50 PW50 PY50 aftermarket parts, 40.60,https://www.ebay.ca/itm/163538760449?hash=item2613ab7301:g:wAUAAOSwr8tbiMit
"Racing Big End Bearings Main Thrust Washers VW Polo 1,3l G40 Py Gt Gk NZ 2G", 95.57,https://www.ebay.ca/itm/275110108963?hash=item400dd71f23:g:PyYAAOSwBrVgeNNa
LG 50PY3DF-UA MAIN BOARD EBR38498101/EAX38447101, 31.71,https://www.ebay.ca/itm/371676422653?hash=item5689a421fd:g:MgQAAOSwvg9Xfpm8
"Spring of Main Center Stand fits for Yamaha PW50,PY50,Peewee50 motorcycle parts", 13.95,https://www.ebay.ca/itm/163594044825?epid=14008926412&hash=item2616f70599:g:C5oAAOSww3tY7wT6
Continental Y69 Y91 PY69 PY91 Main Bearing Set 030 Bearings NORS USA Flanged USA, 63.43,https://www.ebay.ca/itm/321466060508?hash=item4ad8decedc:g:ytEAAOSwHnFV5JJl
Yamaha PW50 PY50 Main Center Stand Aftermarket Motorcycle Parts JS50PY Peewee50, 34.25,https://www.ebay.ca/itm/162741615502?epid=17009523116&hash=item25e427fb8e:g:zfAAAOSw8uFcmjbl
"1990 ""Soyuz TM-10"" Autographs of the main and dubbing crew on the photo Py", 114.17,https://www.ebay.ca/itm/254910906405?hash=item3b59dfc025:g:k40AAOSwZ-1gVwOe
TDR CARBURETOR CARBY PW PY ENGINE PARTS MAIN JET FOR YAMAHA PY50 PW50 PEEWEE 50, 32.82,https://www.ebay.ca/itm/111840152402?hash=item1a0a314b52:g:A38AAOSw5ItbNFLm
TDR  PW80 PY80 COYOTE 80 CARBURETOR CARBY FOR YAMAHA PEEWEE PW PY MAIN JET PARTS, 28.50,https://www.ebay.ca/itm/111796863600?_trkparms=ispr%3D1&hash=item1a079cc270:g:lCQAAOSwa9NZyxXi&amdata=enc%3AAQAGAAACkPYe5NmHp%252B2JMhMi7yxGiTJkPrKr5t53CooMSQt2orsSR84A%252FGMxXIqJzFmDq6lDLg2A0ItY6XmaWJ1AsmYRh8JFw%252BluYiBT1qtrf9yJKLtWHw2jBIJJsblzrUayI8j7ZCtISw7sDfLK36%252BV3a002FZkyMn6I%252B3VuFwQqDhSkOtPdQKao5I1XfEwrKgj2dGzXHqnN7x%252FdP4TT22PtNwxKkctnYvnsPqlmX5H3DBVw2KxdvSkQQuOjP8XVh0meaMxPx%252FeVw0pvWmu24m%252Fq3fsPJpHoRoyKPqszQn7cLaiAm1Rzf41vrtDiN1af3najvZpvFOb6qdviai4h8Ugafxed6c%252F0zfdMfqDJHCE5lVxNN5Csn%252BbkGJGLx8UaDUUASE5Rt2WispAmqQhYEggwfxL%252FG%252FzC1JjgQ1HGprnL0xJSALZKliW0R%252BswGJPZsEQN8YKcUT7aTXfXywkoY205m6U3dnJeW%252F2JnB8O3FauLDYibA0Jfv7PU6HKk097tynEsHJICEkcDqgKqGynL10gjfKpIbw%252B0npQv9E3A1vcdVQ7L0JUuAjC9stA0jMlEsi%252BNc24v4bA%252B4gdl0juKEYYTHXR%252FmMw93efjrltSbXSb%252BGReUM%252FtPMTg62wTPMqXNrKsPSk5N2a%252FZnMAi0hW0csu3umPJMwY4%252BBOlzDm3Vy2ebAl7AvEPWwnq6ynhgZzRvc1UqAzAQoABup%252FiNGmJhonTaXmbaNUQ3c6R8jq6MqNAP3kY9x8ZA0%252FCRxDrmvT5gchv0cnRv986zv4t6OpxpwW3VayZriQTfkHnctTNlDr9%252BEr3FOh2Ms34Bm1rFyClEf2Hn8lswoE9ep2QQRZ%252FV4yKyokRcYblm8nEZP%252FlAemho5Ysa%7Cclp%3A2334524%7Ctkp%3ABFBM-K3amd5f
Yu Gi Oh  Dragon Maid  Deck Main 40   EX Deck 9 Pieces Set No.PY1335, 250.35,https://www.ebay.ca/itm/144406444839?_trkparms=ispr%3D1&hash=item219f4b7b27:g:paUAAOSwqKpiBHwg&amdata=enc%3AAQAGAAACkPYe5NmHp%252B2JMhMi7yxGiTJkPrKr5t53CooMSQt2orsS9d9gBrkNbRQtRn8MVXnYknt3zpujxoguc1lKZu4oThuLjPpZ9lngOdH0EMzDCJqQ1G4CFPFE5Tj1hvA4bjGA6m4ZUsQ7dmvCrYYeuXMIHlZMnnAreaWj37LuII6jO40SaogzSBAWUhtDnKwOXP2zTeA309JyLqxJsAoivpcSXkqTUMwd0zdNj014TbjB6ZJWvBrQppQ9kUJvsW50EUPJPU%252B6FkSMI0GXAVKpZPm%252F5N%252FiXxBc7m5prddciK%252BtO%252BgBkMHjCtMxJVW4T4CqKZMxrb64UVTk61Cl%252B%252FxiUbBQu1gvu1U0w%252BlAhGRq9Eo8ztTkOdy7nrfWmGaliD9ANPOXUxhqaRkPdrvNUN47EJkn7QVt3bXEyd1EiBjRz%252FKTqlrhmVSbSm8E5kNRBkT0nuM2N1iA236ZH2ckX2dQYDBeNYEdVYi7%252FONGSS7%252FM5F9OPjrdR1F6g6qw%252FdEqRuDQvdiKQ1xY9L%252B9zybYaowhc1vNKknLJsct467J9ztydeYZYtw96dlJqxRwWkPFDN07nFmcMVCH0MrZrJl9UGoEAZa%252BEv6pSNd90mA40SPTzt8c71UvmjabxTFutldHoZPf6BwP0O5rX7tBW8FZ5Au%252FD%252BowzkihGCaGI8IbCRkqVomMn4VW3uj5ZPz%252FZDM38ZkJVfiBJ5pDFzXE6HK53r6wiBUkWoa4yJuVNj0KDtB82Khl8vGW59dylwy7mbk7O5EdXD%252BDYJGcJDzHFhtN2Yw04m6JqfFYVQZlRX5A2f5Z%252FXEZXnJWAZdwwBtA1BzwjleRhIxzA5WE%252BHTXho5APWfA91Wx6Uj58DuNudRdpQYkngu%252BxJy%7Cclp%3A2334524%7Ctkp%3ABFBM-K3amd5f
Rokka Deck  Double Sleeve  Main 45 Sheets   EX 15 Sheets No.PY1419, 283.72,https://www.ebay.ca/itm/144407970830?_trkparms=ispr%3D1&hash=item219f62c40e:g:uvQAAOSwUG9iBg5Y&amdata=enc%3AAQAGAAACkPYe5NmHp%252B2JMhMi7yxGiTJkPrKr5t53CooMSQt2orsS9d9gBrkNbRQtRn8MVXnYkvHXqifNERi48RPtbKHojkN9I0IwX7EOHIqmUYZ1888IrCsmhWmlBp4jxMvC4nIQ0udU3PsFFPfAEi%252F5L6lVRBwhleBeirjtwSzrHT1dkZfg%252BZaeXmXqgVXI37I%252FSAhjVkOySbXXCNNpi8eQ8PxMkupF5XG9GPiGFrHmbkKwW3G84e7%252BxvoZ%252FmCuGXkUyqviKx3RRp%252F%252Bwzo0ojXv6xBV79fsZtDk0da8e7jbKX0W2kEn6axvzeMPimTmgt9OWGMX3QBhk%252FUsQVGbl4nh24fUMwkPde386xYhf%252FnKNr8ZecLdeZsIJMajzxMfxhzYbRTBLsdiHcyuHxInB8zqNtWQ%252Fve7wexGVNlSzRLrfiKICGRV0u5AMDuoO6vMl4ANh9sK7o6B3kek3ofG9i6c1oSnnR4RLl3v%252BGC4%252FA%252BjaLopNUfbLZeDMgyI9Yi8avJQiccaHK7Ix7qMYER9CulJfT1YxddkIQYb2LOqLiF3cnqqg%252BCv%252Bo6KClbrkHAYDTyWJwL7jViMkKy6y9EsApL%252FLiRLWIUvkGeiT%252F2mo6j5m%252FxROWHBn28TiC9IgqkjnREB0YLLIKK7tXuD6L1blK9eZ3fdpx3tr0BhJ50n9ufRAnYTKuWzOrV77wmnAUdf37mwv5oAz8vB8m7bcwOUZp6XYaOCgRPWCmRnsWlO6Wy9DPnhhhmr%252BMmcVUTvwC6SwxgoPAykEfAkvk3Q%252FuaYxvnUO6S3FkHRdajO%252BePKBY5vHH%252Fkwn0tFzOQxQ%252BILWkorzDpBG77ZiN%252F9y%252BhkXaoE5tuafyTuTFDTIGgDqiwiFBix93%252BYx17%7Cclp%3A2334524%7Ctkp%3ABFBM-K3amd5f
LG 60PY3DF-UJ Z Main Board EBR32324301 EAX32117602 (NEW), 62.16,https://www.ebay.ca/itm/124541797438?hash=item1cff45043e:g:xYIAAOSwZiFgDGSa
"Racing Main Bearing GLYCO VW Polo 1,0 - 1,3 - 1,7l G40 Py H026/5 Std", 42.52,https://www.ebay.ca/itm/275115253710?hash=item400e259fce:g:7iUAAOSw6pVgeG1~
"Main Chain/Sprocket (13 tooth) fits for Yamaha80 PW80,PY80 aftermarket parts", 16.49,https://www.ebay.ca/itm/163594029544?hash=item2616f6c9e8:g:VVsAAOSw6QpbTVyi
"Racing Main Bearing MAHLE VW Polo 1,0 - 1,3 - 1,7l G40 Py 026198491A", 43.38,https://www.ebay.ca/itm/284608041874?hash=item4243f61392:g:vjUAAOSwvgFhUyaB
Fel Pro Main Bearing Gasket Set for 1998-2001 Kia Sephia 1.8L L4 - Engine vp, 37.68,https://www.ebay.ca/itm/384715299746?hash=item5992d19ba2:g:SdcAAOSwqGJh~NZq
New ListingDayco Main Drive Serpentine Belt for 2018-2019 Lexus IS300 2.0L L4 Accessory py, 37.44,https://www.ebay.ca/itm/294809413810?hash=item44a402a8b2:g:GLAAAOSwSatiB1r8
"MAIN PC CIRCUIT BOARD 4H.0PY40.A03, FREE SHIPPING", 43.75,https://www.ebay.ca/itm/393577044001?hash=item5ba3051821:g:36YAAOSwMBJexxHL
"Main Center Stand fits for Yamaha PW50,PY50,PeeWee50,dirt bike motorcycle parts", 40.60,https://www.ebay.ca/itm/163536864170?hash=item26138e83aa:g:nhYAAOSwCGVX5PRR
For 1987-1988 Chevrolet V20 Suburban Main Bearing Set Sealed Power 58499PY, 79.48,https://www.ebay.ca/itm/393496243702?hash=item5b9e342df6:g:7QUAAOSwedBhEcjr
For Chevrolet Express 1500 Main Bearing Gasket Set Mahle 43318PY, 46.81,https://www.ebay.ca/itm/293378538204?hash=item444eb93adc:g:rU0AAOSwn~Jd9lqF
"For 1980-1984, 1992-1993 Chevrolet Caprice Main Bearing Set 85962PY 1981 1982", 43.28,https://www.ebay.ca/itm/392401400707?hash=item5b5cf23383:g:SygAAOSwfWldZVnR
"LG 42"" DU-42PY10X 6871VMMT13A Main Video Board Motherboard Unit", 25.36,https://www.ebay.ca/itm/171781340675?_trkparms=ispr%3D1&hash=item27fef73e03:g:ZGcAAOSwflBcv1Sb&amdata=enc%3AAQAGAAACkPYe5NmHp%252B2JMhMi7yxGiTJkPrKr5t53CooMSQt2orsSDAeS9EQtjPGVfKXTxF0%252BjjN0Q5Oc4FeXutnsr6x%252FVvUvYRMkNyRXpQc7qwSunL21%252FpHZkdJd0hNso1RgQYIUtg92dEEE63RF4c3h1XUJJKw0hwH01Q40%252FvI18T78Zb6043BqYD1rCyrJy%252FrvUlLX0aQISRDtv%252BxG84NLh70XfXur0nc9lXOeqyS0R0XB7zwD9fAZpcoih4KxqKY7DCewFovIINJrtSpR2CNo76uQY6XzdrcgM605kvmBSun65CNTd5d7gT9wC7DG3ltLlvEWUPMojSPLG5YsEc9PPUf4mIKmRKOfBuvL9gSYd5faCjfF%252FLnduvr4c1xDvoKj7TcJlHLB7sL8ypJLs9K0ot%252F0bzl7a7d%252BWAkfztbx6j5J15q2DD3JVvcRyFms2ULqRCsgqooKKZnF5f9n5RiEfOXTCHVCWXTAIJUMIr%252Fx6Gcd3ZjB5MVLCWJEgGamVRqWV%252FqJAt1fLNyWA1bfw5ykh36xGCeOAzbevwUyztH3ZgsxIMynHiEF73rxYxY4i2vSL5MMi9flqZhoYUfJQtJ6JIZlEHGn6AdfQF3Y6Te1GYzbv0uiqgfqk9FVhZETgf9OD7MSPBL3RrOviwT0%252FN7oX0cmXfL3YXJYYkuSIt3tKeB1DvqdCz%252F8%252F7bs%252B01C4ylAZvQVxEhM3L8a5twC1GJeCAb4Y8caGKST2Xi3gFMOxQ9QnJ4ymg1SaGSEl%252FVQdBffgsu7FxmzRzwG8q7T5%252BEXyZZ2opzfaDdVmbSc1HuEwgzeQP6rEBLy9ug9KawMOq%252BrrP5V7ScwKhldD0J7U1mFoHkQYDM1WexGXjldVNaIJKqiXEPX%7Cclp%3A2334524%7Ctkp%3ABFBM-q3amd5f
"LG 60"" 60PY2DR 60PY2DRUA 6871VSMG76C Main Video Board Motherboard Unit", 38.05,https://www.ebay.ca/itm/363001265869?_trkparms=ispr%3D1&hash=item54848fbecd:g:nH8AAOSwtK1eyBTY&amdata=enc%3AAQAGAAACkPYe5NmHp%252B2JMhMi7yxGiTJkPrKr5t53CooMSQt2orsS5%252FLJbfonbQUYd49AU1AJYwS%252F%252FXqL8VZp3NHUyQc2pLbOmKGsOCnw2vInSrOgseMb8vN%252B877CuE1gzLsdNrEirVefVoISVHiJ6UtoZN8jchcZiYpL4U8TAM7x7r%252FfROhApHFOqG0fYSbNinos8DnGhSdWF5nZJja92a6oBKDsPs4U3wPB4%252Blbn4SbRC391G5bO3%252FBBBftwK4QBorNQ5NMgva1LhjFdS%252BZ8Z8fAdRU33y4kLACqrAZWlAU7RpZmzvpXVUXncWOVS6C223RyH6b4LT3AwXlnE0rs7Fn8cBOuUfaCzz85Zc20td83v4pWQuGquu9%252B8Yf2nWfa%252FSLW7ICHg3xzxPBuCMkO%252BMyc7C1mXtHe9K%252BwhVcIqQioDmXW%252BhCrmi9N4gcXcJGs3KUcneo8ulwFL1cqkEWdbOkIHC3z2wsgj1fjnfqxMTKXRM8JULux8k3884oggBj%252Bljk%252F1nCMDvxNFWfY7IB2c7n6448pidruDpPwTEWiA9MonCTt2P1SppUZ296lTqsYkxWattttOJPdFDJCQXUbode9QEtJj7ht3Ulajwoac%252Fm5IHF%252FbhXtoGdTXnFs7X%252B1zMEZvlQmM9D%252BTPLOTzhWZMs9baK4jfedvekc7LC%252F4OnJApZdzXKXOdqMACtaw3QLPubfQo1T634Yvoxa6AlR0WYG253DJ5a8FGDEpCkdFiEZNfk0P1NJNa6UkCHkNaQOa7owAGbQQKdt4UlQLjLjgqZPz%252B13Mi5VaoB8qVJzTefqNE6s%252FlamS18Eer9dB7zyKAqdwkqv9yl9fb%252BvnQAyKeSS5vk%252BOTJVmQ5BeHnc0uBSzXL3uqX%7Cclp%3A2334524%7Ctkp%3ABFBM-q3amd5f
Motorcycle Kickstand Center Kick Main Stand Lever Frame for Yamaha PY 50 PW 50, 80.64,https://www.ebay.ca/itm/313588540067?_trkparms=ispr%3D1&hash=item49035562a3:g:DdcAAOSwzW5g5g4w&amdata=enc%3AAQAGAAACkPYe5NmHp%252B2JMhMi7yxGiTJkPrKr5t53CooMSQt2orsSB0Xm7k0guzAysaIMfJcbBKZpj42zv8Ooy%252FnDYkfoHFk0oknGXE2BMJMgqSF%252FiUzby3vF0YS7wUqLApKF6WHkL%252FxvQDzDuKJECFIBo6Tn3Wb6caNH6QxiGT2gxNQ%252FVZwFAEyGikVAlaNyNLSVku0i8RlTZIwlrjhnL9moDgBSq5SjuqH47iL2zrG72Ah6xbNQ7fKmq64Om%252BW8XW0ZiJV1M3UEtvhsepaolF%252FLScre0ihhDZM%252FaM%252BCk0zs5PsZoaT5pGmQdvoY%252BdwVJnuhOs4nSEacJLR1lUHsxazwZNcL0IE%252FLreFmDwQcRdd1amDbUOZr6tBqPALzVh0OOeAT5KB%252BAOKVc%252F1aQjkKOsp5UPyq8qjb5FJHSNWLvOPVXm4WrKQHZIGKhng9qld55Nrw4BoinLICbc4OYDgMvceiUUY0E6EtHaT4GKf1VUdMBKSVwUGMEewothBVQEKbqxlblqomZuqKhabTC%252Bx0fJcbk9o9DdLd8Ar0ZRiFWP1b9Muw3WbNsIPG5s0DjhQJb0FgW1d1hxLFlMd6s%252FwBFcQXJoYqlJU9sEEZ1WCh2RcnMpH6Swj%252F96UAt5hEfDQfqF9CHmL%252BocPWGargUYjTNnkIIe%252F94PfifklLiEgYDkpR6XuvasiA5Hzafszrd3Ff6w%252BCZ%252F74%252FTaoGxfp32ggLw99MUwLebjrcFtsGzCKeeLd0tzSFTxraVGrWfvghr9ZXWQlV2j%252Bh8DXTxj4EfhWxRva7Pf1PEAmedKb%252BO8z1ve2YOe0WrXiLlXXodNcqVbesqYtHwCh9M8GNsOqMWjifkV3Lb%252BgI64uiXDpH%252B0abkmg8krvATD%7Cclp%3A2334524%7Ctkp%3ABFBM-q3amd5f
TDR  PW80 PY80 COYOTE 80 CARBURETOR CARBY FOR YAMAHA PEEWEE PW PY MAIN JET PARTS, 25.45,https://www.ebay.ca/itm/283157165311?epid=2172788920&_trkparms=ispr%3D1&hash=item41ed7b74ff:g:A2kAAOSwjIpgJdiu&amdata=enc%3AAQAGAAACkPYe5NmHp%252B2JMhMi7yxGiTJkPrKr5t53CooMSQt2orsSwcmzw5CLtzTE60FqHcnq2AlI%252BXASh2zlxAIndXHkAwtODMEsddWCw%252BzNXQBTtK%252BFiep%252F6Wk6OHO7doRjaxr67DDHZztfFbR5%252BB%252BNPVtIpDpkpxbyFLPob1iB052v6jHc8yruY5UqCUbciWICldA2FMALsYoNLk%252BOA8qMh%252FCJTzYm2IZNookByYK7C5bh0ifngEDoTzF%252BPCujGYpASYYbB94rpEKdVQcwe826caaDw1dgoYfN8p%252FR8mmLSBa6cuPj864h1ar5q0Rd7r38uFihSEtQuahC07gGUDxqr%252BU6qEwgzdTq00vaUgEdrpMxqGdXOL51%252FnxJqyCK5ugWfyvnQnJsbw7e%252F8x0mkBL%252FWUwL%252FDlRP0QJj4%252BSwi8x7VcgPyk1Vc6KZmDuG%252BkzjcIGsmHFUeMWrn7HPn2eadIrzmi8KmokR8wuvq6pm4sYyJpFdYI%252BgoegH1lS90MhWVjaLUw4teur34HmVMu0gZ1YMCtH76o0169tg%252FyOPqe5%252FILHHDBTbSXNaWzMd39bdeORclJOXbAB0Nml%252BmV7S57IJEKXXfximYcR5%252BwMtGHbNNM1wCzCLHjg16tXYNMCj2gv%252F7jGz2hOHuesDfO4mHDOSNr4lw%252FbA0C4%252Fjiq3U9RFGtOYqjYyUVw9yHmJcdoXVBVa3AyFTLtn945V9%252FTu6f9vdM8%252FWzM%252FtrSgvOXJQ0gOsr25wH8twU%252BfrZHgzcuk3ellTsMai%252FJG3BKV7R3XmHFCc8502SXXaKkIzcdkE2qmhcR6%252Bvn6TJ%252F0VaYkm9h%252FB%252FLVjzfVhkrYBo0%252BhhAQycAdp6WBlbKDmMJ8zYHGqm0jL3jOFs%7Cclp%3A2334524%7Ctkp%3ABFBM-q3amd5f
FOR DAIKIN AIRCON OUTDOOR MAIN PCB-RZYQ7/8/10PY19  2042567 - RZYQ7PY1, 332.25,https://www.ebay.ca/itm/275066466107?epid=15044557410&hash=item400b3d2f3b:g:dXEAAOSwPKNgNaSv
"NEC 55"" PY5500 PCB-HB55LBX-MBA Main Video Board Motherboard Unit Discount", 25.36,https://www.ebay.ca/itm/363502667426?hash=item54a27286a2:g:DcIAAOSwwD1hFF9S
MAIN BOARD PY15010 Q V1.4 0091801109 0907121 FOR TECHNIKA LCD32-407B LCD TV, 11.65,https://www.ebay.ca/itm/324798738726?hash=item4b9f837126:g:j-IAAOSwbWdhSuc3
"Lg 60"" 60PY2DR-UA AUSLLAD 6871QZH040B Z Main Board Unit", 30.43,https://www.ebay.ca/itm/173386544235?epid=1700241229&hash=item285ea4b46b:g:l-cAAOSwYpVcv1Sf
PRS-5033  FOR SANYO DENKI PY SERVO AMPLIFIER BOARD MAIN BOARD," 2,392.58",https://www.ebay.ca/itm/363668774594?hash=item54ac591ec2:g:SxQAAOSw~JZhyEGX
full scale construction Flash Hime Deck Main 40EX15 Custo No.PY1372, 405.56,https://www.ebay.ca/itm/144406444907?_trkparms=ispr%3D1&hash=item219f4b7b6b:g:eKIAAOSwZCFiBHwf&amdata=enc%3AAQAGAAACkPYe5NmHp%252B2JMhMi7yxGiTJkPrKr5t53CooMSQt2orsS9d9gBrkNbRQtRn8MVXnYknxLAFsZvpIdvYgBU9T%252FcmSF9pjpLegclxBsGL40r4fVHcORs%252FQ7m5r97Pf1%252FcTH2r48j0IfeTqbptnd2%252BdDBDDU4fRDXa5XgNVF%252FEfOW%252FDKgDP6s%252BqQs%252Bw95dOXwb3Ry%252FGnUPjitb9uiJ%252BULTc8U9h1WfsQeyL461PMmwPnS4JhG0%252BfqfjQYF9mkXlTk1uPB%252Bqc4TnOtj4t1Pjcdswa2BRTRr9SzJ9GPqiHgW%252FGqkXL8JavjFABY0qS6BAss%252FBqVdZOXMFy7PIC9TdmG9GIcMNJSpQexmQdN6j0sXIooxnBS4jwDhlg98dHqHrAqiEYnYE7wSL%252FX6ORJ%252FS4mRlp0Ad2VItCAHJvbCdQ8%252FZqey1041LtUVkgKaULi3koN5uMroLA5KpN8os04BvSNnfcIptvrIt100WeLQ%252BBPpSUN1z4wrrW7p%252B6NKGa%252FLUUaDp813yyUWY2RY9VExRnVgeazaPSEdZLA%252BoL0S2cD6hgkp3mi7LEKcuw9jNLtDffvBs9cxBymmBB2HTUZ4gsCQCQ0w8YZeqq8bSkV1hf3N5CW9qqN7JxBVLsoOlt36L9sn9cLlNB%252FVYtlYHQHVLHs1%252BbxYECVleif0D8%252Fp0JvyoJ%252FMPqiJRNXnnEIG5AskJgPRh1XbChj0yykDahlfLO5Uog5xPMpci6ISy0j53Tu%252B7AXiU4MDgGhBvkte27koKm74CVDraP%252BHEhvnvv8jisiRDrdG0tWpfLBqDJgjCX0C%252Brv2ORTbeLmqFHhhNLk%252FqIaYeJZPgJ8I6U7FVRaZWvw8fdpWfKh%252FmNYh0ZphkS44zdJDS%252F%7Cclp%3A2334524%7Ctkp%3ABFBM-q3amd5f
"LG 50"" 50PY2DR-UA 6871VSMG76B Main Video Board Motherboard Unit", 25.36,https://www.ebay.ca/itm/361899987384?epid=20015026486&_trkparms=ispr%3D1&hash=item5442eb91b8:g:pjUAAOSw-IFcv1f4&amdata=enc%3AAQAGAAACkPYe5NmHp%252B2JMhMi7yxGiTJkPrKr5t53CooMSQt2orsS5%252FLJbfonbQUYd49AU1AJYyw1wyUHbeOhx08frJhPQbkSQU%252FvhQUOi7RjHPPEJxkkN0DaJ%252BljK2JNUrKr%252B4XxFcPY%252FjwgFysPACb7RA%252FWfOcZf5jpgdQkL4tblm9twlDr9s90n4I7U299gZfd%252B%252BJQ1AaoXY%252BNQCDvjE8BrXIFN9IVrGHkBceZrgnupaAFLP2hgJfiK2MaGfQpBlrFbRRz2HJU8sYAu%252Bx1Fc3nFDc0ooX9nFEwPtGnXmjpqPRg0%252FB93xsIL2Yy%252BBLAnLHS8j00w0RIZ44jsBD2Ur9NNnd2ITXun%252Fu8LsjJpd%252F0MFWFJR256m1Bs3V2GrGDuBKbi0eoZioe611AiFx4iXf6ETX23yVjOvTyH8Yegv4qBhPykMrPzLZ4z4qOqCzaFDaNmTB2WJeUSEkD0y%252FiGLyCr6fzmY5F0%252FcZghELL%252Fk1sgMtAYTrybNgtBjKcy21HAHAEjiPl%252BBNXes1oALBnSuRtbRtZInMziMPLso8wln%252FC7gQta2aLrqrlg8iF1tTWQZAuOdCeEI%252FjYpsdKCXkrZO%252Fxjg3mapI6dA1Xd5kEMfiTAkToRiOdHbFjeRUQSF484XbKltKJuhd72MpiAb%252BVR3%252FlgI%252BEQPF8vfWHbVNVqgMTWULHkIx5oi8ivSd5ep2AiwbjSqNm33bF0P5zJXtCHVxjEetHwjXDtibZv8a7T4WwvwW0PfyBPXj3OvrGe9F9h%252F4%252BpS9GKh3rpAqXplzVY%252BhRy414fcuwpybWOI2BMs6Z4GgBCva0s8at5IexWP4CJ%252Fq7CxQwwht9wJ2SLS5PFBOa9jt5QNDQipvcGJPmClTWumnmIO%7Cclp%3A2334524%7Ctkp%3ABFBM-q3amd5f
LG 50PY2DR 50PX1D Zenith Z50PG10-UA Y-Sustain Y-Main board 6871QYH039B 50X3 YSUS, 118.61,https://www.ebay.ca/itm/132894190795?hash=item1ef11c6ccb:g:CukAAOSwSTpbzH-c
MAIN BOARD py15010 q(v1.4) 0091801109 for Technika LCD32-407B LCD TV 01, 15.53,https://www.ebay.ca/itm/224618819672?hash=item344c533058:g:H7oAAOSwTx9hSucm
Bando Main Drive Serpentine Belt for 1982 Jeep Scrambler - Accessory Drive py, 53.23,https://www.ebay.ca/itm/384617845043?hash=item598d029133:g:oO4AAOSwXzBhwDNg
Bando Main Drive Serpentine Belt for 1984-1986 Ford Thunderbird - Accessory py, 54.31,https://www.ebay.ca/itm/384627410855?hash=item598d9487a7:g:en4AAOSwIQhhxCe7
For 2007 GMC Sierra 2500 HD Classic Air Flap Actuator Main Dorman 84223PY, 67.98,https://www.ebay.ca/itm/392393418268?hash=item5b5c78661c:g:VXQAAOSwKu9dXqf~
For 2003-2010 Dodge Ram 3500 Multi Rib Belt Main Drive Dayco 45461PY 2006 2005, 66.18,https://www.ebay.ca/itm/393459286769?hash=item5b9c0042f1:g:3FsAAOSw8chg-gdu
For 2006-2008 Mazda B3000 Multi Rib Belt Main Drive Dayco 98394PY 2007, 54.83,https://www.ebay.ca/itm/393459906371?hash=item5b9c09b743:g:ZgwAAOSwawJg-k3Z
For 2016-2017 Mini Cooper Clubman Multi Rib Belt Main Drive Dayco 18593PY, 33.30,https://www.ebay.ca/itm/392403280769?hash=item5b5d0ee381:g:gnsAAOSwcytdZsvV
For 2002-2007 Buick Rendezvous Main Bearing Gasket Set 84973PY 2003 2004 2005, 42.10,https://www.ebay.ca/itm/392417099450?hash=item5b5de1beba:g:VIUAAOSwFCZddPfU
Main Bearing Set For 1984-1985 BMW 318i Z721PY .25mm, 88.84,https://www.ebay.ca/itm/164769818833?hash=item265d0be8d1:g:HM4AAOSwRuJgVU69
For 1992-2001 GMC Jimmy Main Bearing Set 36828PY 1993 1994 1995 1996 1997 1998, 43.40,https://www.ebay.ca/itm/392416365760?hash=item5b5dd68cc0:g:8lMAAOSwAZNddEDa
For 2006-2007 Buick Terraza Main Bearing Set 12932PY, 51.20,https://www.ebay.ca/itm/184551620761?hash=item2af8224099:g:UkIAAOSwnFJfvY5C
For 1996-2014 Chevrolet Express 1500 Main Bearing Set 86496PY 1997 1998 1999, 43.21,https://www.ebay.ca/itm/392399911593?hash=item5b5cdb7aa9:g:RA8AAOSwA~pdZAbL
For 1987-2005 GMC Safari Main Bearing Set 77379PY 1988 1989 1990 1991 1992 1993, 43.58,https://www.ebay.ca/itm/184594359547?hash=item2afaae64fb:g:fNgAAOSww0tf5Jog
New Genuine Mazda Main Silencer PY0140100A / PY01-40-100A OEM, 816.18,https://www.ebay.ca/itm/294497652830?epid=1934303546&hash=item44916d905e:g:om8AAOSwcFJhleJF
Main Drive Serpentine Belt Drive Component Kit For Toyota Corolla Celica PY65Z1, 204.43,https://www.ebay.ca/itm/203287946417?hash=item2f54e7e4b1:g:fVAAAOSwKThgNhE4
"LG 50PY3DF-UA Main Logic CTRL Board EBR35756601 , EAX33642601", 44.34,https://www.ebay.ca/itm/361753062829?epid=1300257037&hash=item543a29adad:g:FhQAAOSw8w1X7~01
Doremi Cord Deck  Full Double Sleeve  Main 42   EX 15 Sheets No.PY1232, 300.42,https://www.ebay.ca/itm/144406444705?_trkparms=ispr%3D1&hash=item219f4b7aa1:g:nKYAAOSwb1RiBHwd&amdata=enc%3AAQAGAAACkPYe5NmHp%252B2JMhMi7yxGiTJkPrKr5t53CooMSQt2orsS9d9gBrkNbRQtRn8MVXnYkswKGi4eqIeQcgKv0LtTCFEEeSrrMaTa%252F5DtU2lxuRYFnQuxU25WLxDXdZDd%252FljouPrNMJ3AO%252FO3O0L7tQPfgxzt6mknizv%252BRCg3RFS4bpIibGg9CxppSobIPAZejDsZIpxkgmMMOOYhqM0UxXcmqE7xrGkX3KhFaKOQAE1MefSPLlX%252BvX8bcLljLRwdNEeYDeMOilMNfm8w3OxuZAdYdENrTtnA5CwdiKiWAjo1mUhWKiqMkzlBCqIyX9cjC0HWrRNdCoHcKcA1T1VckehhcS0KLxT%252FpsMA%252BaMD%252FwmuBo1E9I7WNbjZwdhfHagOmLgzXRoGs%252BYdtkFg6%252FixXmcznbRP84L2ndvzq57QbHABNVaKjkr9LEHC33PoFQ6FT%252Buu95bgMZes%252BsCoAtE9Jah6rZuhWaKaOnuuH%252FwtRYU5H3x6mvzIbXsFVFv5GXImoRpqNhTr8gMr6%252BWfWdyo4fZp3yZ1Pw052kJlwmp49gmpobRz8zkEp0H2GgE7sQlUCJX4HMCvXXXaASU7rpMGnL6IjZiA3sfbOgKV2pcjhBv0xIAy9EqAajXNTbT2T8Yvu7hRFZvb2SnxWLsK69UlDbbCqdtwSL98g%252B8k6Enz4e2lFzeI%252BQIjirpRmFPxIwhKvEZz0mgWfz8ve%252FJvzZaYkoDRDefdl9wQwdoBH0PFLkVJLxPDKn7rfzaBR6WeHjYt1medAGGfVnDcIqFaBaw%252BrzruglNAm8k%252F%252BQQAk7KzayskyD6C6rZ0O9ASIwVa2XiT8%252FQp1gvifVZXJ7G6W%252BZod1t4SaqfZSGs7j5wlMEwiQ%252Fiv3sT%7Cclp%3A2334524%7Ctkp%3ABFBM-q3amd5f
Full scale construction  Drag Mashador Deck  Main   EX15   Sleeve No.PY1021, 357.16,https://www.ebay.ca/itm/144406444415?_trkparms=ispr%3D1&hash=item219f4b797f:g:L50AAOSwQWtiBHwc&amdata=enc%3AAQAGAAACkPYe5NmHp%252B2JMhMi7yxGiTJkPrKr5t53CooMSQt2orsS9d9gBrkNbRQtRn8MVXnYkvRbrVtSmGqHoL6iqykx1IePhXl5zOGBlWtAeLB5NlscA4dRoGZxAvXBqSXP1ICuCNf2QokjZzto2Fe6hamVgjTnmG7dlpXoJWS2fcN9CINt1J8z8xLgzIBw%252Bm9jGyxQXRC0LJ5mXtd%252Bvsc22P5m2Q5%252FuwoZOKFbBtcCZ7BZK4GQcVRWY3%252FtwmYKNtqzcHXdekdMM8XH1fv2dJM3yEXBgiKSGH8BmtJF%252FTz5t0xN1hyurNmq61EmuP2rRq%252FtjsbXcvVimIbxjH%252F6KRrcwuxF%252FhOs5PvLYL6NUIR0Sr9RLBqDUVp7gF93k4XK03YwPWMrJwm9TLTtgUkMrjMXxLDK%252BzTF7Hl5cwxJOTGba%252BRrxlSyaabkN%252FhWxCphUCMNC%252BuG6EVT6hgyxCPwbAvwPXTjx7tN2LY54NFA0zYSMbROIeEhcotXiDsEX4H%252F9rb2iRwWgE%252B0kaWE6QpeI5ivfvXd37byzRtHjucsE%252BFiDav3xsc6TSPqpFI3vrBgd32QsWhiRqgkz9mSlAv9F00iHiftgugk1Lgow5dpfxcXpsLTEQh6i7ZWetPRqXhEYY7BsAEsGBXnokJjfj%252FOzwAASUKY5Z1iit9NRG1ZWyjpO6XtdVcSjuTjgLRh8oX3tBnBSpS5%252FTQzCkZiXsBqDPDSxqgOGGJ69Hzg%252BfIbAUP5qKAa%252FtvdqLlPhLHi689kynRgCakisiGzViMGr5zTXoqgSfCOPJPsVEvx%252BXApiXT47xyeOjoE%252FcS%252FQCgJ7%252F9q3xmh%252Fsh1t8tle40PSPm6bTasar8uBcXRlBhLirp3yPvuA%252Bgcw7Ny%7Cclp%3A2334524%7Ctkp%3ABFBM-q3amd5f
